date,fear_greed_value,fear_greed_label
2026-03-06,75,Extreme Greed
2026-03-07,61,Greed
2026-03-08,22,Extreme Fear
2026-03-09,28,Fear
2026-03-10,35,Fear
2026-03-11,41,Fear
2026-03-12,49,Neutral
2026-03-13,55,Greed
2026-03-14,68,Greed
2026-03-15,72,Greed
